ratio,tpr,fpr,precision,f1,tp,fp,avg_delay_samples
10.0,0.9841,0.0080,0.9954,0.9897,432,2,15.52
9.9,0.9841,0.0080,0.9954,0.9897,432,2,15.43
9.8,0.9841,0.0080,0.9954,0.9897,432,2,15.18
9.7,0.9841,0.0080,0.9954,0.9897,432,2,15.09
9.6,0.9841,0.0080,0.9954,0.9897,432,2,14.87
9.5,0.9841,0.0080,0.9954,0.9897,432,2,14.42
9.4,0.9841,0.0080,0.9954,0.9897,432,2,14.19
9.3,0.9841,0.0080,0.9954,0.9897,432,2,14.12
9.2,0.9841,0.0080,0.9954,0.9897,432,2,14.02
9.1,0.9841,0.0080,0.9954,0.9897,432,2,13.93
9.0,0.9841,0.0080,0.9954,0.9897,432,2,13.82
8.9,0.9841,0.0080,0.9954,0.9897,432,2,13.70
8.8,0.9841,0.0080,0.9954,0.9897,432,2,13.60
8.7,0.9863,0.0080,0.9954,0.9908,433,2,13.86
8.6,0.9863,0.0080,0.9954,0.9908,433,2,13.77
8.5,0.9863,0.0080,0.9954,0.9908,433,2,13.69
8.4,0.9863,0.0080,0.9954,0.9908,433,2,13.63
8.3,0.9863,0.0080,0.9954,0.9908,433,2,13.55
8.2,0.9863,0.0080,0.9954,0.9908,433,2,13.45
8.1,0.9886,0.0120,0.9931,0.9909,434,3,13.69
8.0,0.9909,0.0120,0.9932,0.9920,435,3,13.58
7.9,0.9932,0.0120,0.9932,0.9932,436,3,13.80
7.8,0.9932,0.0120,0.9932,0.9932,436,3,13.75
7.7,0.9932,0.0120,0.9932,0.9932,436,3,13.49
7.6,0.9932,0.0120,0.9932,0.9932,436,3,13.39
7.5,0.9932,0.0120,0.9932,0.9932,436,3,13.19
7.4,0.9932,0.0120,0.9932,0.9932,436,3,13.14
7.3,0.9932,0.0120,0.9932,0.9932,436,3,13.03
7.2,0.9932,0.0120,0.9932,0.9932,436,3,12.94
7.1,0.9932,0.0120,0.9932,0.9932,436,3,12.78
7.0,0.9932,0.0120,0.9932,0.9932,436,3,12.62
6.9,0.9954,0.0120,0.9932,0.9943,437,3,12.59
6.8,0.9954,0.0120,0.9932,0.9943,437,3,12.46
6.7,0.9954,0.0120,0.9932,0.9943,437,3,12.36
6.6,0.9954,0.0120,0.9932,0.9943,437,3,12.18
6.5,0.9954,0.0120,0.9932,0.9943,437,3,12.03
6.4,0.9954,0.0120,0.9932,0.9943,437,3,11.95
6.3,0.9954,0.0120,0.9932,0.9943,437,3,11.81
6.2,0.9954,0.0120,0.9932,0.9943,437,3,11.62
6.1,0.9977,0.0120,0.9932,0.9955,438,3,11.70
6.0,0.9977,0.0120,0.9932,0.9955,438,3,11.63
5.9,0.9977,0.0160,0.9910,0.9943,438,4,11.46
5.8,0.9977,0.0200,0.9887,0.9932,438,5,11.34
5.7,0.9977,0.0280,0.9843,0.9910,438,7,11.13
5.6,0.9977,0.0280,0.9843,0.9910,438,7,10.91
5.5,0.9977,0.0280,0.9843,0.9910,438,7,10.73
5.4,0.9977,0.0280,0.9843,0.9910,438,7,10.53
5.3,0.9977,0.0280,0.9843,0.9910,438,7,10.42
5.2,0.9977,0.0360,0.9799,0.9887,438,9,10.36
5.1,0.9977,0.0360,0.9799,0.9887,438,9,10.20
5.0,0.9977,0.0360,0.9799,0.9887,438,9,10.13
4.9,0.9977,0.0360,0.9799,0.9887,438,9,10.00
4.8,0.9977,0.0400,0.9777,0.9876,438,10,9.89
4.7,1.0000,0.0400,0.9777,0.9887,439,10,9.91
4.6,1.0000,0.0400,0.9777,0.9887,439,10,9.78
4.5,1.0000,0.0440,0.9756,0.9876,439,11,9.61
4.4,1.0000,0.0480,0.9734,0.9865,439,12,9.47
4.3,1.0000,0.0520,0.9712,0.9854,439,13,9.30
4.2,1.0000,0.0560,0.9691,0.9843,439,14,9.21
4.1,1.0000,0.0600,0.9670,0.9832,439,15,9.03
4.0,1.0000,0.0600,0.9670,0.9832,439,15,8.88
3.9,1.0000,0.0680,0.9627,0.9810,439,17,8.68
3.8,1.0000,0.0720,0.9606,0.9799,439,18,8.57
3.7,1.0000,0.0760,0.9585,0.9788,439,19,8.50
3.6,1.0000,0.0840,0.9543,0.9766,439,21,8.41
3.5,1.0000,0.0920,0.9502,0.9745,439,23,8.32
3.4,1.0000,0.1040,0.9441,0.9712,439,26,8.16
3.3,1.0000,0.1080,0.9421,0.9702,439,27,7.81
3.2,1.0000,0.1120,0.9400,0.9691,439,28,7.66
3.1,1.0000,0.1160,0.9380,0.9680,439,29,7.49
3.0,1.0000,0.1320,0.9301,0.9638,439,33,7.33
2.9,1.0000,0.1360,0.9281,0.9627,439,34,7.16
2.8,1.0000,0.1480,0.9223,0.9596,439,37,7.00
2.7,1.0000,0.1600,0.9165,0.9564,439,40,6.90
2.6,1.0000,0.1800,0.9070,0.9512,439,45,6.70
2.5,1.0000,0.2040,0.8959,0.9451,439,51,6.52
2.4,1.0000,0.2320,0.8833,0.9380,439,58,6.25
2.3,1.0000,0.2680,0.8676,0.9291,439,67,5.99
2.2,1.0000,0.3000,0.8541,0.9213,439,75,5.72
2.1,1.0000,0.3360,0.8394,0.9127,439,84,5.49
2.0,1.0000,0.3520,0.8330,0.9089,439,88,5.31
1.9,1.0000,0.4120,0.8100,0.8950,439,103,5.11
1.8,1.0000,0.4880,0.7825,0.8780,439,122,4.83
1.7,1.0000,0.5640,0.7569,0.8616,439,141,4.56
1.6,1.0000,0.6280,0.7366,0.8483,439,157,4.34
1.5,1.0000,0.6760,0.7220,0.8386,439,169,4.11
1.4,1.0000,0.7560,0.6990,0.8229,439,189,3.74